,reaction,lb,ub
0,HMR_9066,-0.084,1000
1,HMR_9065,-0.0626,1000
2,HMR_9063,-0.584,1000
3,HMR_9067,-0.03,1000
4,HMR_9038,-0.042,1000
5,HMR_9039,-0.105,1000
6,HMR_9040,-0.105,1000
7,HMR_9041,-0.146,1000
8,HMR_9042,-0.03,1000
9,HMR_9043,-0.066,1000
10,HMR_9069,-0.042,1000
11,HMR_9044,-0.095,1000
12,HMR_9045,-0.016,1000
13,HMR_9064,-0.10379,1000
14,HMR_9046,-0.094,1000
15,HMR_9146,-0.004,1000
16,HMR_9361,-0.0072,1000
17,HMR_9378,-0.004,1000
18,HMR_9145,-0.004,1000
19,HMR_9144,-0.004,1000
20,HMR_9143,-0.0004,1000
21,HMR_9159,-0.004,1000
22,HMR_9034,-4.5,1000
23,HMR_7108,0.0,1000
24,HMR_7110,0.0,1000
25,HMR_7112,0.0,1000
26,HMR_7114,0.0,1000
27,HMR_7116,0.0,1000
28,HMR_7118,0.0,1000
29,HMR_7120,0.0,1000
30,HMR_7122,0.0,1000
31,HMR_7124,0.0,1000
32,HMR_7126,0.0,1000
33,HMR_9023,0.0,1000
34,HMR_9024,0.0,1000
35,HMR_9032,0.0,1000
36,HMR_9808,0.0,1000
37,HMR_9809,0.0,1000
38,HMR_9810,0.0,1000
39,HMR_9811,0.0,1000
40,HMR_9812,0.0,1000
41,HMR_9813,0.0,1000
42,HMR_9814,0.0,1000
43,HMR_9815,0.0,1000
44,HMR_9816,0.0,1000
45,HMR_9033,0.0,1000
46,HMR_9035,0.0,1000
47,HMR_9036,0.0,1000
48,HMR_9037,0.0,1000
49,HMR_9047,0.0,1000
50,HMR_9048,0.0,1000
51,HMR_9049,0.0,1000
52,HMR_9050,0.0,1000
53,HMR_9051,0.0,1000
54,HMR_9052,0.0,1000
55,HMR_9053,0.0,1000
56,HMR_9054,0.0,1000
57,HMR_9055,0.0,1000
58,HMR_9056,0.0,1000
59,HMR_9058,0.0,1000
60,HMR_9061,0.0,1000
61,HMR_9062,0.0,1000
62,HMR_9068,0.0,1000
63,HMR_9070,0.0,1000
64,HMR_9071,0.0,1000
65,HMR_9072,0.0,1000
66,HMR_9073,0.0,1000
67,HMR_9074,0.0,1000
68,HMR_9075,0.0,1000
69,HMR_9076,0.0,1000
70,HMR_9077,0.0,1000
71,HMR_9078,0.0,1000
72,HMR_9079,0.0,1000
73,HMR_9080,0.0,1000
74,HMR_9081,0.0,1000
75,HMR_9082,0.0,1000
76,HMR_9083,0.0,1000
77,HMR_9084,0.0,1000
78,HMR_9085,0.0,1000
79,HMR_9086,0.0,1000
80,HMR_9087,0.0,1000
81,HMR_9088,0.0,1000
82,HMR_9089,0.0,1000
83,HMR_9090,0.0,1000
84,HMR_9091,0.0,1000
85,HMR_9092,0.0,1000
86,HMR_9093,0.0,1000
87,HMR_9094,0.0,1000
88,HMR_9095,0.0,1000
89,HMR_9096,0.0,1000
90,HMR_9097,0.0,1000
91,HMR_9098,0.0,1000
92,HMR_9099,0.0,1000
93,HMR_9100,0.0,1000
94,HMR_9101,0.0,1000
95,HMR_9102,0.0,1000
96,HMR_9103,0.0,1000
97,HMR_9104,0.0,1000
98,HMR_9105,0.0,1000
99,HMR_9106,0.0,1000
100,HMR_9107,-1000.0,1000
101,HMR_9108,0.0,1000
102,HMR_9109,0.0,1000
103,HMR_9110,-1000.0,1000
104,HMR_9111,0.0,1000
105,HMR_9113,0.0,1000
106,HMR_9114,0.0,1000
107,HMR_9115,0.0,1000
108,HMR_9116,0.0,1000
109,HMR_9117,0.0,1000
110,HMR_9118,0.0,1000
111,HMR_9119,0.0,1000
112,HMR_9120,0.0,1000
113,HMR_9121,0.0,1000
114,HMR_9122,0.0,1000
115,HMR_9123,0.0,1000
116,HMR_9124,0.0,1000
117,HMR_9125,0.0,1000
118,HMR_9126,0.0,1000
119,HMR_9127,0.0,1000
120,HMR_9128,0.0,1000
121,HMR_9129,0.0,1000
122,HMR_9130,0.0,1000
123,HMR_9131,0.0,1000
124,HMR_9132,0.0,1000
125,HMR_9133,0.0,1000
126,HMR_9134,0.0,1000
127,HMR_9135,0.0,1000
128,HMR_9136,0.0,1000
129,HMR_9137,0.0,1000
130,HMR_9138,0.0,1000
131,HMR_9139,0.0,1000
132,HMR_9140,0.0,1000
133,HMR_9141,0.0,1000
134,HMR_9142,0.0,1000
135,HMR_9147,0.0,1000
136,HMR_9148,0.0,1000
137,HMR_9149,0.0,1000
138,HMR_9150,0.0,1000
139,HMR_9151,0.0,1000
140,HMR_9152,-1000.0,1000
141,HMR_9153,0.0,1000
142,HMR_9154,-1000.0,1000
143,HMR_9155,0.0,1000
144,HMR_9156,0.0,1000
145,HMR_9157,0.0,1000
146,HMR_9158,0.0,1000
147,HMR_9160,0.0,1000
148,HMR_9161,0.0,1000
149,HMR_9162,0.0,1000
150,HMR_9163,0.0,1000
151,HMR_9164,0.0,1000
152,HMR_9165,0.0,1000
153,HMR_9166,0.0,1000
154,HMR_9168,0.0,1000
155,HMR_9169,0.0,1000
156,HMR_9171,0.0,1000
157,HMR_9172,0.0,1000
158,HMR_9201,0.0,1000
159,HMR_9202,0.0,1000
160,HMR_9203,0.0,1000
161,HMR_9204,0.0,1000
162,HMR_9205,0.0,1000
163,HMR_9206,0.0,1000
164,HMR_9207,0.0,1000
165,HMR_9208,0.0,1000
166,HMR_9209,0.0,1000
167,HMR_9210,0.0,1000
168,HMR_9211,0.0,1000
169,HMR_9212,0.0,1000
170,HMR_9213,0.0,1000
171,HMR_9214,0.0,1000
172,HMR_9215,0.0,1000
173,HMR_9216,0.0,1000
174,HMR_9217,0.0,1000
175,HMR_9218,0.0,1000
176,HMR_9219,0.0,1000
177,HMR_9220,0.0,1000
178,HMR_9221,0.0,1000
179,HMR_9222,0.0,1000
180,HMR_9223,0.0,1000
181,HMR_9224,0.0,1000
182,HMR_9225,0.0,1000
183,HMR_9226,0.0,1000
184,HMR_9227,0.0,1000
185,HMR_9228,0.0,1000
186,HMR_9229,0.0,1000
187,HMR_9230,0.0,1000
188,HMR_9231,0.0,1000
189,HMR_9232,0.0,1000
190,HMR_9233,0.0,1000
191,HMR_9234,0.0,1000
192,HMR_9235,0.0,1000
193,HMR_9236,0.0,1000
194,HMR_9237,0.0,1000
195,HMR_9238,0.0,1000
196,HMR_9239,0.0,1000
197,HMR_9240,0.0,1000
198,HMR_9241,0.0,1000
199,HMR_9242,0.0,1000
200,HMR_9243,0.0,1000
201,HMR_9244,0.0,1000
202,HMR_9245,0.0,1000
203,HMR_9246,0.0,1000
204,HMR_9247,0.0,1000
205,HMR_9248,0.0,1000
206,HMR_9249,0.0,1000
207,HMR_9250,0.0,1000
208,HMR_9251,0.0,1000
209,HMR_9252,0.0,1000
210,HMR_9253,0.0,1000
211,HMR_9254,0.0,1000
212,HMR_9255,0.0,1000
213,HMR_9256,0.0,1000
214,HMR_9257,0.0,1000
215,HMR_9258,0.0,1000
216,HMR_9259,0.0,1000
217,HMR_9260,0.0,1000
218,HMR_9261,0.0,1000
219,HMR_9262,0.0,1000
220,HMR_9263,0.0,1000
221,HMR_9264,0.0,1000
222,HMR_9265,0.0,1000
223,HMR_9266,0.0,1000
224,HMR_9267,0.0,1000
225,HMR_9268,0.0,1000
226,HMR_9270,0.0,1000
227,HMR_9271,0.0,1000
228,HMR_9272,0.0,1000
229,HMR_9273,0.0,1000
230,HMR_9275,0.0,1000
231,HMR_9276,0.0,1000
232,HMR_9277,0.0,1000
233,HMR_9278,0.0,1000
234,HMR_9279,0.0,1000
235,HMR_9280,0.0,1000
236,HMR_9281,0.0,1000
237,HMR_9282,0.0,1000
238,HMR_9283,0.0,1000
239,HMR_9284,0.0,1000
240,HMR_9285,0.0,1000
241,HMR_9286,0.0,1000
242,HMR_9287,0.0,1000
243,HMR_9288,0.0,1000
244,HMR_9289,0.0,1000
245,HMR_9290,0.0,1000
246,HMR_9291,0.0,1000
247,HMR_9292,0.0,1000
248,HMR_9293,0.0,1000
249,HMR_9294,0.0,1000
250,HMR_9295,0.0,1000
251,HMR_9296,0.0,1000
252,HMR_9297,0.0,1000
253,HMR_9298,0.0,1000
254,HMR_9299,0.0,1000
255,HMR_9300,0.0,1000
256,HMR_9301,0.0,1000
257,HMR_9302,0.0,1000
258,HMR_9303,0.0,1000
259,HMR_9304,0.0,1000
260,HMR_9305,0.0,1000
261,HMR_9306,0.0,1000
262,HMR_9307,0.0,1000
263,HMR_9308,0.0,1000
264,HMR_9309,0.0,1000
265,HMR_9310,0.0,1000
266,HMR_9311,0.0,1000
267,HMR_9312,0.0,1000
268,HMR_9313,0.0,1000
269,HMR_9314,0.0,1000
270,HMR_9315,0.0,1000
271,HMR_9316,0.0,1000
272,HMR_9317,0.0,1000
273,HMR_9318,0.0,1000
274,HMR_9319,0.0,1000
275,HMR_9320,0.0,1000
276,HMR_9321,0.0,1000
277,HMR_9322,0.0,1000
278,HMR_9323,0.0,1000
279,HMR_9324,0.0,1000
280,HMR_9325,0.0,1000
281,HMR_9326,0.0,1000
282,HMR_9327,0.0,1000
283,HMR_9328,0.0,1000
284,HMR_9329,0.0,1000
285,HMR_9330,0.0,1000
286,HMR_9331,0.0,1000
287,HMR_9332,0.0,1000
288,HMR_9333,0.0,1000
289,HMR_9334,0.0,1000
290,HMR_9335,0.0,1000
291,HMR_9336,0.0,1000
292,HMR_9337,0.0,1000
293,HMR_9338,0.0,1000
294,HMR_9339,0.0,1000
295,HMR_9340,0.0,1000
296,HMR_9341,0.0,1000
297,HMR_9342,0.0,1000
298,HMR_9343,0.0,1000
299,HMR_9344,0.0,1000
300,HMR_9345,0.0,1000
301,HMR_9346,0.0,1000
302,HMR_9347,0.0,1000
303,HMR_9348,0.0,1000
304,HMR_9349,0.0,1000
305,HMR_9350,0.0,1000
306,HMR_9351,0.0,1000
307,HMR_9352,0.0,1000
308,HMR_9353,0.0,1000
309,HMR_9354,0.0,1000
310,HMR_9355,0.0,1000
311,HMR_9356,0.0,1000
312,HMR_9357,0.0,1000
313,HMR_9358,0.0,1000
314,HMR_9359,0.0,1000
315,HMR_9360,0.0,1000
316,HMR_9362,0.0,1000
317,HMR_9363,0.0,1000
318,HMR_9364,0.0,1000
319,HMR_9365,0.0,1000
320,HMR_9366,0.0,1000
321,HMR_9367,0.0,1000
322,HMR_9368,0.0,1000
323,HMR_9369,0.0,1000
324,HMR_9370,0.0,1000
325,HMR_9371,0.0,1000
326,HMR_9372,0.0,1000
327,HMR_9373,0.0,1000
328,HMR_9374,0.0,1000
329,HMR_9375,0.0,1000
330,HMR_9376,0.0,1000
331,HMR_9377,0.0,1000
332,HMR_9379,0.0,1000
333,HMR_9380,0.0,1000
334,HMR_9381,0.0,1000
335,HMR_9382,0.0,1000
336,HMR_9383,0.0,1000
337,HMR_9384,0.0,1000
338,HMR_9385,0.0,1000
339,HMR_9386,0.0,1000
340,HMR_9387,0.0,1000
341,HMR_9388,0.0,1000
342,HMR_9389,0.0,1000
343,HMR_9390,0.0,1000
344,HMR_9391,0.0,1000
345,HMR_9392,0.0,1000
346,HMR_9393,0.0,1000
347,HMR_9394,0.0,1000
348,HMR_9395,0.0,1000
349,HMR_9396,0.0,1000
350,HMR_9397,0.0,1000
351,HMR_9398,0.0,1000
352,HMR_9399,0.0,1000
353,HMR_9400,0.0,1000
354,HMR_9401,0.0,1000
355,HMR_9404,0.0,1000
356,HMR_9405,0.0,1000
357,HMR_9406,0.0,1000
358,HMR_9407,0.0,1000
359,HMR_9408,0.0,1000
360,HMR_9409,0.0,1000
361,HMR_9410,0.0,1000
362,HMR_9411,0.0,1000
363,HMR_9412,0.0,1000
364,HMR_9413,0.0,1000
365,HMR_9414,0.0,1000
366,HMR_9415,0.0,1000
367,HMR_9416,0.0,1000
368,HMR_9417,0.0,1000
369,HMR_9418,0.0,1000
370,HMR_9419,0.0,1000
371,HMR_9420,0.0,1000
372,HMR_9421,0.0,1000
373,HMR_9422,0.0,1000
374,HMR_9423,0.0,1000
375,HMR_9424,0.0,1000
376,HMR_9425,0.0,1000
377,HMR_9426,0.0,1000
378,HMR_9427,0.0,1000
379,HMR_9428,0.0,1000
380,HMR_9429,0.0,1000
381,HMR_9430,0.0,1000
382,HMR_9431,0.0,1000
383,HMR_9432,0.0,1000
384,HMR_9433,0.0,1000
385,HMR_9434,0.0,1000
386,HMR_9435,0.0,1000
387,HMR_9436,0.0,1000
388,HMR_9437,0.0,1000
389,HMR_9438,0.0,1000
390,HMR_9439,0.0,1000
391,HMR_9440,0.0,1000
392,HMR_9441,0.0,1000
393,HMR_9442,0.0,1000
394,HMR_9443,0.0,1000
395,HMR_9444,0.0,1000
396,HMR_9445,0.0,1000
397,HMR_9446,0.0,1000
398,HMR_9447,0.0,1000
399,HMR_9448,0.0,1000
400,HMR_9449,0.0,1000
401,HMR_9450,0.0,1000
402,HMR_9451,0.0,1000
403,HMR_9452,0.0,1000
404,HMR_9453,0.0,1000
405,HMR_9454,0.0,1000
406,HMR_9455,0.0,1000
407,HMR_9456,0.0,1000
408,HMR_9457,0.0,1000
409,HMR_9458,0.0,1000
410,HMR_9460,0.0,1000
411,HMR_9461,0.0,1000
412,HMR_9462,0.0,1000
413,HMR_9463,0.0,1000
414,HMR_9681,0.0,1000
415,HMR_9682,0.0,1000
416,HMR_9683,0.0,1000
417,HMR_9684,0.0,1000
418,HMR_9685,0.0,1000
419,HMR_9686,0.0,1000
420,HMR_9687,0.0,1000
421,HMR_9688,0.0,1000
422,HMR_9689,0.0,1000
423,HMR_9690,0.0,1000
424,HMR_9691,0.0,1000
425,HMR_9692,0.0,1000
426,HMR_9693,0.0,1000
427,HMR_9694,0.0,1000
428,HMR_9695,0.0,1000
429,HMR_9696,0.0,1000
430,HMR_9697,0.0,1000
431,HMR_9698,0.0,1000
432,HMR_9699,0.0,1000
433,HMR_9700,0.0,1000
434,HMR_9701,0.0,1000
435,HMR_9702,0.0,1000
436,HMR_9703,0.0,1000
437,HMR_9704,0.0,1000
438,HMR_9705,0.0,1000
439,HMR_9706,0.0,1000
440,HMR_9707,0.0,1000
441,HMR_9708,0.0,1000
442,HMR_9709,0.0,1000
443,HMR_9710,0.0,1000
444,HMR_9711,0.0,1000
445,HMR_9712,0.0,1000
446,HMR_9713,0.0,1000
447,HMR_9714,0.0,1000
448,HMR_9715,0.0,1000
449,HMR_9721,0.0,1000
450,HMR_9729,0.0,1000
451,HMR_9730,0.0,1000
452,EX_1glyc_hs[e],0.0,1000
453,EX_9_cis_retfa[e],0.0,1000
454,EX_adrn[e],0.0,1000
455,EX_arach[e],0.0,1000
456,EX_arachd[e],0.0,1000
457,EX_atp[e],0.0,1000
458,EX_bvite[e],0.0,1000
459,EX_clpnd[e],0.0,1000
460,EX_crmp_hs[e],0.0,1000
461,EX_crvnc[e],0.0,1000
462,EX_dag_hs[e],0.0,1000
463,EX_dcsptn1[e],0.0,1000
464,EX_dlnlcg[e],0.0,1000
465,EX_eicostet[e],0.0,1000
466,EX_elaid[e],0.0,1000
467,EX_fucfuc12gal14acglcgalgluside_hs[e],0.0,1000
468,EX_fucfucgalacglcgalgluside_hs[e],0.0,1000
469,EX_glyc_S[e],0.0,1000
470,EX_glygn2[e],0.0,1000
471,EX_glygn4[e],0.0,1000
472,EX_glygn5[e],0.0,1000
473,EX_hdca[e],0.0,1000
474,EX_hdcea[e],0.0,1000
475,EX_hexc[e],0.0,1000
476,EX_hista[e],0.0,1000
477,EX_hpdca[e],0.0,1000
478,EX_lgnc[e],0.0,1000
479,EX_lneldc[e],0.0,1000
480,EX_lnlncg[e],0.0,1000
481,EX_lpchol_hs[e],0.0,1000
482,EX_mag_hs[e],0.0,1000
483,EX_nrvnc[e],0.0,1000
484,EX_ocdca[e],0.0,1000
485,EX_ocdcea[e],0.0,1000
486,EX_pchol_hs[e],0.0,1000
487,EX_pe_hs[e],0.0,1000
488,EX_pglyc_hs[e],0.0,1000
489,EX_phyt[e],0.0,1000
490,EX_ps_hs[e],0.0,1000
491,EX_ptdca[e],0.0,1000
492,EX_retfa[e],0.0,1000
493,EX_retinol_9_cis[e],0.0,1000
494,EX_retinol_cis_11[e],0.0,1000
495,EX_strdnc[e],0.0,1000
496,EX_tag_hs[e],0.0,1000
497,EX_tethex3[e],0.0,1000
498,EX_tetpent3[e],0.0,1000
499,EX_tetpent6[e],0.0,1000
500,EX_tettet6[e],0.0,1000
501,EX_tmndnc[e],0.0,1000
502,EX_ttdca[e],0.0,1000
503,EX_vacc[e],0.0,1000
504,EX_xolest_hs[e],0.0,1000
505,EX_xolest2_hs[e],0.0,1000
506,EX_xoltri24[e],0.0,1000
507,EX_xoltri25[e],0.0,1000
508,EX_xoltri27[e],0.0,1000
509,EX_4abutn[e],0.0,1000
510,EX_ahdt[e],0.0,1000
511,EX_ctp[e],0.0,1000
512,EX_dgmp[e],0.0,1000
513,EX_dgtp[e],0.0,1000
514,EX_dha[e],0.0,1000
515,EX_dhap[e],0.0,1000
516,EX_dtmp[e],0.0,1000
517,EX_dttp[e],0.0,1000
518,EX_fad[e],0.0,1000
519,EX_fald[e],0.0,1000
520,EX_g1p[e],0.0,1000
521,EX_HC00229[e],0.0,1000
522,EX_HC01440[e],0.0,1000
523,EX_HC01441[e],0.0,1000
524,EX_HC01446[e],0.0,1000
525,EX_HC01577[e],0.0,1000
526,EX_HC01609[e],0.0,1000
527,EX_HC01610[e],0.0,1000
528,EX_HC01700[e],0.0,1000
529,EX_HC02160[e],0.0,1000
530,EX_HC02161[e],0.0,1000
531,EX_prpp[e],0.0,1000
532,EX_udpg[e],0.0,1000
533,EX_prostgh2[e],0.0,1000
534,EX_prostgi2[e],0.0,1000
535,EX_cdp[e],0.0,1000
536,EX_dtdp[e],0.0,1000
537,EX_HC00955[e],0.0,1000
538,EX_HC00002[e],0.0,1000
539,EX_HC00003[e],0.0,1000
540,EX_HC00004[e],0.0,1000
541,EX_HC01852[e],0.0,1000
542,EX_HC01939[e],0.0,1000
543,EX_HC01942[e],0.0,1000
544,EX_HC01943[e],0.0,1000
545,EX_HC01944[e],0.0,1000
546,EX_HC00822[e],0.0,1000
547,EX_C02528[e],0.0,1000
548,EX_HC02192[e],0.0,1000
549,EX_HC02193[e],0.0,1000
550,EX_HC02195[e],0.0,1000
551,EX_HC02196[e],0.0,1000
552,EX_HC02220[e],0.0,1000
553,EX_HC02154[e],0.0,1000
554,EX_HC02199[e],0.0,1000
555,EX_HC02200[e],0.0,1000
556,EX_HC02201[e],0.0,1000
557,EX_HC02191[e],0.0,1000
558,EX_HC02194[e],0.0,1000
559,EX_HC02197[e],0.0,1000
560,EX_HC02198[e],0.0,1000
561,EX_HC02187[e],0.0,1000
562,EX_HC02180[e],0.0,1000
563,EX_HC02202[e],0.0,1000
564,EX_HC02203[e],0.0,1000
565,EX_HC02204[e],0.0,1000
566,EX_HC02205[e],0.0,1000
567,EX_HC02206[e],0.0,1000
568,EX_HC02207[e],0.0,1000
569,EX_HC02208[e],0.0,1000
570,EX_HC02210[e],0.0,1000
571,EX_HC02213[e],0.0,1000
572,EX_HC02214[e],0.0,1000
573,EX_HC02216[e],0.0,1000
574,EX_HC02217[e],0.0,1000
575,EX_malcoa[e],0.0,1000
576,EX_arachcoa[e],0.0,1000
577,EX_coa[e],0.0,1000
578,EX_CE2250[e],0.0,1000
579,EX_CE1935[e],0.0,1000
580,EX_CE1940[e],0.0,1000
581,EX_CE1943[e],0.0,1000
582,EX_CE2011[e],0.0,1000
583,EX_CE1939[e],0.0,1000
584,EX_maltpt[e],0.0,1000
585,EX_CE2915[e],0.0,1000
586,EX_CE4722[e],0.0,1000
587,EX_CE2916[e],0.0,1000
588,EX_CE4723[e],0.0,1000
589,EX_CE2917[e],0.0,1000
590,EX_CE4724[e],0.0,1000
591,EX_malthp[e],0.0,1000
592,EX_CE2838[e],0.0,1000
593,EX_CE1950[e],0.0,1000
594,EX_cynt[e],0.0,1000
595,EX_23cump[e],0.0,1000
596,EX_3ump[e],0.0,1000
597,EX_CE5786[e],0.0,1000
598,EX_CE5788[e],0.0,1000
599,EX_CE5789[e],0.0,1000
600,EX_CE5797[e],0.0,1000
601,EX_CE5798[e],0.0,1000
602,EX_CE5787[e],0.0,1000
603,EX_CE5791[e],0.0,1000
604,EX_CE5867[e],0.0,1000
605,EX_CE5868[e],0.0,1000
606,EX_CE5869[e],0.0,1000
607,EX_CE4633[e],0.0,1000
608,EX_CE4881[e],0.0,1000
609,EX_CE5854[e],0.0,1000
610,EX_CE1926[e],0.0,1000
611,EX_udpgal[e],0.0,1000
612,EX_crm_hs[e],0.0,1000
613,EX_galside_hs[e],0.0,1000
614,EX_CE0074[e],0.0,1000
615,EX_cdpea[e],0.0,1000
616,EX_12dgr120[e],0.0,1000
617,EX_CE5853[e],0.0,1000
618,EX_CE1925[e],0.0,1000
619,EX_C04849[e],0.0,1000
620,EX_3bcrn[e],0.0,1000
621,EX_3ddcrn[e],0.0,1000
622,EX_3deccrn[e],0.0,1000
623,EX_3hdececrn[e],0.0,1000
624,EX_3hexdcrn[e],0.0,1000
625,EX_3ivcrn[e],0.0,1000
626,EX_3octdec2crn[e],0.0,1000
627,EX_3octdeccrn[e],0.0,1000
628,EX_3octdece1crn[e],0.0,1000
629,EX_3tdcrn[e],0.0,1000
630,EX_3tetd7ecoacrn[e],0.0,1000
631,EX_3thexddcoacrn[e],0.0,1000
632,EX_3ttetddcoacrn[e],0.0,1000
633,EX_c101crn[e],0.0,1000
634,EX_c10crn[e],0.0,1000
635,EX_c10dc[e],0.0,1000
636,EX_c12dc[e],0.0,1000
637,EX_c16dc[e],0.0,1000
638,EX_c3dc[e],0.0,1000
639,EX_c4crn[e],0.0,1000
640,EX_c4dc[e],0.0,1000
641,EX_c51crn[e],0.0,1000
642,EX_c5dc[e],0.0,1000
643,EX_c6crn[e],0.0,1000
644,EX_c6dc[e],0.0,1000
645,EX_c81crn[e],0.0,1000
646,EX_c8crn[e],0.0,1000
647,EX_c8dc[e],0.0,1000
648,EX_ddece1crn[e],0.0,1000
649,EX_ddecrn[e],0.0,1000
650,EX_decdicrn[e],0.0,1000
651,EX_doco13ac[e],0.0,1000
652,EX_docosac[e],0.0,1000
653,EX_docosdiac[e],0.0,1000
654,EX_ivcrn[e],0.0,1000
655,EX_tetdec2crn[e],0.0,1000
656,EX_tetdece1crn[e],0.0,1000
657,EX_4hpro[e],0.0,1000
658,EX_adpcbl[e],0.0,1000
659,EX_alaala[e],0.0,1000
660,EX_bglc[e],0.0,1000
661,EX_carn[e],0.0,1000
662,EX_dchac[e],0.0,1000
663,EX_glgchlo[e],0.0,1000
664,EX_gltcho[e],0.0,1000
665,EX_gltdechol[e],0.0,1000
666,EX_glygly[e],0.0,1000
667,EX_glysar[e],0.0,1000
668,EX_gum[e],0.0,1000
669,EX_gumdchac[e],0.0,1000
670,EX_gumgchol[e],0.0,1000
671,EX_gumtchol[e],0.0,1000
672,EX_leugly[e],0.0,1000
673,EX_leuleu[e],0.0,1000
674,EX_pect[e],0.0,1000
675,EX_pectindchac[e],0.0,1000
676,EX_pectingchol[e],0.0,1000
677,EX_pectintchol[e],0.0,1000
678,EX_psyl[e],0.0,1000
679,EX_psylchol[e],0.0,1000
680,EX_psyltchol[e],0.0,1000
681,EX_psyltdechol[e],0.0,1000
682,EX_sfcys[e],0.0,1000
683,EX_tdechola[e],0.0,1000
684,EX_cysam[e],0.0,1000
685,EX_dpcoa[e],0.0,1000
686,EX_fmn[e],0.0,1000
687,EX_hyptaur[e],0.0,1000
688,EX_pan4p[e],0.0,1000
689,EX_ptth[e],0.0,1000
690,EX_q10[e],0.0,1000
691,EX_q10h2[e],0.0,1000
692,EX_34hpp[e],0.0,1000
693,EX_3mob[e],0.0,1000
694,EX_3mop[e],0.0,1000
695,EX_4mop[e],0.0,1000
696,EX_5mta[e],0.0,1000
697,EX_5oxpro[e],0.0,1000
698,EX_ahcys[e],0.0,1000
699,EX_aicar[e],0.0,1000
700,EX_anth[e],0.0,1000
701,EX_cbasp[e],0.0,1000
702,EX_2pg[e],0.0,1000
703,EX_5hoxindoa[e],0.0,1000
704,EX_cala[e],0.0,1000
705,EX_cholp[e],0.0,1000
706,EX_cyst_L[e],0.0,1000
707,EX_dcmp[e],0.0,1000
708,EX_dmgly[e],0.0,1000
709,EX_ethamp[e],0.0,1000
710,EX_g3pc[e],0.0,1000
711,EX_glyald[e],0.0,1000
712,EX_gudac[e],0.0,1000
713,EX_hcys_L[e],0.0,1000
714,EX_icit[e],0.0,1000
715,EX_kynate[e],0.0,1000
716,EX_L2aadp[e],0.0,1000
717,EX_Lkynr[e],0.0,1000
718,EX_pep[e],0.0,1000
719,EX_quln[e],0.0,1000
720,EX_xmp[e],0.0,1000
721,EX_xtsn[e],0.0,1000
722,EX_3pg[e],0.0,1000
723,EX_3hanthrn[e],0.0,1000
724,EX_udpglcur[e],0.0,1000
725,EX_hLkynr[e],0.0,1000
726,EX_nicrnt[e],0.0,1000
727,EX_orot5p[e],0.0,1000
728,EX_glyc3p[e],0.0,1000
729,EX_argsuc[e],0.0,1000
730,EX_acrn[e],0.0,1000
731,EX_pcrn[e],0.0,1000
732,EX_lneldccrn[e],0.0,1000
733,EX_odecrn[e],0.0,1000
734,EX_stcrn[e],0.0,1000
735,EX_pmtcrn[e],0.0,1000
736,EX_hdcecrn[e],0.0,1000
737,EX_3mtp[e],0.0,1000
738,EX_C14769[e],0.0,1000
739,EX_12HPET[e],0.0,1000
740,EX_15HPET[e],0.0,1000
741,EX_15kprostgf2[e],0.0,1000
742,EX_21hprgnlone[e],0.0,1000
743,EX_2oxoadp[e],0.0,1000
744,EX_34hpl[e],0.0,1000
745,EX_3hmp[e],0.0,1000
746,EX_3hpp[e],0.0,1000
747,EX_3hpppnohgluc[e],0.0,1000
748,EX_3mhis[e],0.0,1000
749,EX_3uib[e],0.0,1000
750,EX_4aabutn[e],0.0,1000
751,EX_4tmeabutn[e],0.0,1000
752,EX_56dthm[e],0.0,1000
753,EX_56dura[e],0.0,1000
754,EX_5HPET[e],0.0,1000
755,EX_7dhchsterol[e],0.0,1000
756,EX_acgly[e],0.0,1000
757,EX_aclys[e],0.0,1000
758,EX_acorn[e],0.0,1000
759,EX_acthr_L[e],0.0,1000
760,EX_adpac[e],0.0,1000
761,EX_adpoh[e],0.0,1000
762,EX_amet[e],0.0,1000
763,EX_and19one[e],0.0,1000
764,EX_aracheth[e],0.0,1000
765,EX_biliverd[e],0.0,1000
766,EX_C02356[e],0.0,1000
767,EX_C02712[e],0.0,1000
768,EX_C04717[e],0.0,1000
769,EX_C04805[e],0.0,1000
770,EX_C05957[e],0.0,1000
771,EX_C06314[e],0.0,1000
772,EX_C06315[e],0.0,1000
773,EX_C11695[e],0.0,1000
774,EX_C14768[e],0.0,1000
775,EX_C14770[e],0.0,1000
776,EX_C14771[e],0.0,1000
777,EX_C14825[e],0.0,1000
778,EX_C14826[e],0.0,1000
779,EX_CE0955[e],0.0,1000
780,EX_CE1273[e],0.0,1000
781,EX_CE1297[e],0.0,1000
782,EX_CE1554[e],0.0,1000
783,EX_CE1557[e],0.0,1000
784,EX_CE2028[e],0.0,1000
785,EX_CE2176[e],0.0,1000
786,EX_CE2445[e],0.0,1000
787,EX_CE2537[e],0.0,1000
788,EX_CE4843[e],0.0,1000
789,EX_CE5304[e],0.0,1000
790,EX_CE6031[e],0.0,1000
791,EX_CE6247[e],0.0,1000
792,EX_CE7082[e],0.0,1000
793,EX_CE7083[e],0.0,1000
794,EX_CE7172[e],0.0,1000
795,EX_cortsn[e],0.0,1000
796,EX_didecaeth[e],0.0,1000
797,EX_diholineth[e],0.0,1000
798,EX_docohxeth[e],0.0,1000
799,EX_docteteth[e],0.0,1000
800,EX_dodecanac[e],0.0,1000
801,EX_elaidcrn[e],0.0,1000
802,EX_forglu[e],0.0,1000
803,EX_HC00900[e],0.0,1000
804,EX_hepdeceth[e],0.0,1000
805,EX_hexdeceeth[e],0.0,1000
806,EX_hexdiac[e],0.0,1000
807,EX_hgentis[e],0.0,1000
808,EX_hmcarn[e],0.0,1000
809,EX_hmcr[e],0.0,1000
810,EX_hxcoa[e],0.0,1000
811,EX_leuktrB4wcooh[e],0.0,1000
812,EX_leuktrB4woh[e],0.0,1000
813,EX_lineth[e],0.0,1000
814,EX_lnlccrn[e],0.0,1000
815,EX_Lpipecol[e],0.0,1000
816,EX_lthstrl[e],0.0,1000
817,EX_magarachi_hs[e],0.0,1000
818,EX_maglinl_hs[e],0.0,1000
819,EX_magole_hs[e],0.0,1000
820,EX_magpalm_hs[e],0.0,1000
821,EX_magste_hs[e],0.0,1000
822,EX_mev_R[e],0.0,1000
823,EX_mi1p_D[e],0.0,1000
824,EX_Nacasp[e],0.0,1000
825,EX_nwharg[e],0.0,1000
826,EX_oleth[e],0.0,1000
827,EX_pailar_hs[e],0.0,1000
828,EX_pailpalm_hs[e],0.0,1000
829,EX_pailste_hs[e],0.0,1000
830,EX_pchol2linl_hs[e],0.0,1000
831,EX_pchol2ole_hs[e],0.0,1000
832,EX_pchol2palm_hs[e],0.0,1000
833,EX_pchol2ste_hs[e],0.0,1000
834,EX_pcholar_hs[e],0.0,1000
835,EX_pcholdoc_hs[e],0.0,1000
836,EX_pcholeic_hs[e],0.0,1000
837,EX_pcholet_hs[e],0.0,1000
838,EX_pcholhep_hs[e],0.0,1000
839,EX_pchollinl_hs[e],0.0,1000
840,EX_pcholmyr_hs[e],0.0,1000
841,EX_pcholn15_hs[e],0.0,1000
842,EX_pcholn183_hs[e],0.0,1000
843,EX_pcholn1836_hs[e],0.0,1000
844,EX_pcholn19_hs[e],0.0,1000
845,EX_pcholn201_hs[e],0.0,1000
846,EX_pcholn203_hs[e],0.0,1000
847,EX_pcholn204_hs[e],0.0,1000
848,EX_pcholn205_hs[e],0.0,1000
849,EX_pcholn224_hs[e],0.0,1000
850,EX_pcholn225_hs[e],0.0,1000
851,EX_pcholn2254_hs[e],0.0,1000
852,EX_pcholn226_hs[e],0.0,1000
853,EX_pcholn24_hs[e],0.0,1000
854,EX_pcholn261_hs[e],0.0,1000
855,EX_pcholn28_hs[e],0.0,1000
856,EX_pcholn281_hs[e],0.0,1000
857,EX_pcholole_hs[e],0.0,1000
858,EX_pcholpalm_hs[e],0.0,1000
859,EX_pcholpalme_hs[e],0.0,1000
860,EX_pcholste_hs[e],0.0,1000
861,EX_pcollg5hlys[e],0.0,1000
862,EX_pe12_hs[e],0.0,1000
863,EX_pe13_hs[e],0.0,1000
864,EX_pe14_hs[e],0.0,1000
865,EX_pe15_hs[e],0.0,1000
866,EX_pe161_hs[e],0.0,1000
867,EX_pe17_hs[e],0.0,1000
868,EX_pe203_hs[e],0.0,1000
869,EX_pe224_hs[e],0.0,1000
870,EX_pe226_hs[e],0.0,1000
871,EX_pe2linl_hs[e],0.0,1000
872,EX_pear_hs[e],0.0,1000
873,EX_pedh203_hs[e],0.0,1000
874,EX_pelinl_hs[e],0.0,1000
875,EX_pendecaeth[e],0.0,1000
876,EX_peole_hs[e],0.0,1000
877,EX_pepalm_hs[e],0.0,1000
878,EX_peste_hs[e],0.0,1000
879,EX_pmeth[e],0.0,1000
880,EX_saccrp_L[e],0.0,1000
881,EX_sebacid[e],0.0,1000
882,EX_sphmyln180241_hs[e],0.0,1000
883,EX_sphmyln18114_hs[e],0.0,1000
884,EX_sphmyln18115_hs[e],0.0,1000
885,EX_sphmyln18116_hs[e],0.0,1000
886,EX_sphmyln181161_hs[e],0.0,1000
887,EX_sphmyln18117_hs[e],0.0,1000
888,EX_sphmyln18118_hs[e],0.0,1000
889,EX_sphmyln181181_hs[e],0.0,1000
890,EX_sphmyln18120_hs[e],0.0,1000
891,EX_sphmyln181201_hs[e],0.0,1000
892,EX_sphmyln18121_hs[e],0.0,1000
893,EX_sphmyln18122_hs[e],0.0,1000
894,EX_sphmyln181221_hs[e],0.0,1000
895,EX_sphmyln18123_hs[e],0.0,1000
896,EX_sphmyln1824_hs[e],0.0,1000
897,EX_sphmyln1825_hs[e],0.0,1000
898,EX_steeth[e],0.0,1000
899,EX_subeac[e],0.0,1000
900,EX_tetdeca511ac[e],0.0,1000
901,EX_tetdecaeth[e],0.0,1000
902,EX_thrnt[e],0.0,1000
903,EX_tmlys[e],0.0,1000
904,EX_trideceth[e],0.0,1000
905,EX_ttdcrn[e],0.0,1000
906,EX_txb2[e],0.0,1000
907,EX_urcan[e],0.0,1000
908,EX_wharachd[e],0.0,1000
909,EX_xolest181_hs[e],0.0,1000
910,EX_xolest182_hs[e],0.0,1000
911,EX_xolest183_hs[e],0.0,1000
912,EX_xolest204_hs[e],0.0,1000
913,EX_xolest205_hs[e],0.0,1000
914,EX_xolest226_hs[e],0.0,1000
915,EX_acile_L[e],0.0,1000
916,EX_acleu_L[e],0.0,1000
917,EX_achom_L[e],0.0,1000
918,EX_phacgly[e],0.0,1000
919,EX_3hpppn[e],0.0,1000
920,EX_3moxtyr[e],0.0,1000
921,EX_5aop[e],0.0,1000
922,EX_abt_D[e],0.0,1000
923,EX_acglu[e],0.0,1000
924,EX_alltn[e],0.0,1000
925,EX_CE2510[e],0.0,1000
926,EX_CE2516[e],0.0,1000
927,EX_ddca[e],0.0,1000
928,EX_glyc2p[e],0.0,1000
929,EX_glyclt[e],0.0,1000
930,EX_Lcyst[e],0.0,1000
931,EX_oaa[e],0.0,1000
932,EX_pac[e],0.0,1000
933,EX_phlac[e],0.0,1000
934,EX_pser_L[e],0.0,1000
935,EX_ttdcea[e],0.0,1000
936,EX_3hcinnm[e],0.0,1000
937,EX_3hppa[e],0.0,1000
938,EX_bgly[e],0.0,1000
939,EX_pheacgly[e],0.0,1000
940,EX_bz[e],0.0,1000
941,EX_pcresol[e],0.0,1000
942,EX_pcs[e],0.0,1000
943,EX_inds[e],0.0,1000
944,EX_normete_L[e],0.0,1000
945,EX_C05300[e],0.0,1000
946,EX_retinal[e],0.0,1000
947,EX_maltttr[e],0.0,1000
948,EX_progly[e],0.0,1000
949,EX_dhbpt[e],0.0,1000
950,EX_thbpt[e],0.0,1000
951,EX_alaargcys[e],0.0,1000
952,EX_alaarggly[e],0.0,1000
953,EX_alaasnleu[e],0.0,1000
954,EX_alaglylys[e],0.0,1000
955,EX_alahisala[e],0.0,1000
956,EX_alalysthr[e],0.0,1000
957,EX_argalaala[e],0.0,1000
958,EX_argalaphe[e],0.0,1000
959,EX_argalathr[e],0.0,1000
960,EX_argarg[e],0.0,1000
961,EX_argarglys[e],0.0,1000
962,EX_argargmet[e],0.0,1000
963,EX_argcysgly[e],0.0,1000
964,EX_argcysser[e],0.0,1000
965,EX_arggluglu[e],0.0,1000
966,EX_argglupro[e],0.0,1000
967,EX_argglygly[e],0.0,1000
968,EX_arghisthr[e],0.0,1000
969,EX_argleuphe[e],0.0,1000
970,EX_arglysasp[e],0.0,1000
971,EX_argphearg[e],0.0,1000
972,EX_argpromet[e],0.0,1000
973,EX_argprothr[e],0.0,1000
974,EX_argserser[e],0.0,1000
975,EX_argtyrval[e],0.0,1000
976,EX_argvalcys[e],0.0,1000
977,EX_argvaltrp[e],0.0,1000
978,EX_asnasnarg[e],0.0,1000
979,EX_asncyscys[e],0.0,1000
980,EX_asnmetpro[e],0.0,1000
981,EX_asnpheasp[e],0.0,1000
982,EX_asnphecys[e],0.0,1000
983,EX_asntyrgly[e],0.0,1000
984,EX_asntyrphe[e],0.0,1000
985,EX_asntyrthr[e],0.0,1000
986,EX_aspalaarg[e],0.0,1000
987,EX_aspasnglu[e],0.0,1000
988,EX_aspglu[e],0.0,1000
989,EX_aspglupro[e],0.0,1000
990,EX_aspglutrp[e],0.0,1000
991,EX_asphiscys[e],0.0,1000
992,EX_asphispro[e],0.0,1000
993,EX_asplysglu[e],0.0,1000
994,EX_asplyshis[e],0.0,1000
995,EX_aspmetasp[e],0.0,1000
996,EX_aspprolys[e],0.0,1000
997,EX_aspvalasn[e],0.0,1000
998,EX_cysasnmet[e],0.0,1000
999,EX_cysaspphe[e],0.0,1000
1000,EX_cyscys[e],0.0,1000
1001,EX_cysglnmet[e],0.0,1000
1002,EX_cysgluhis[e],0.0,1000
1003,EX_cysglutrp[e],0.0,1000
1004,EX_cysleuthr[e],0.0,1000
1005,EX_cyssermet[e],0.0,1000
1006,EX_cystyrasn[e],0.0,1000
1007,EX_glnasngln[e],0.0,1000
1008,EX_glnhishis[e],0.0,1000
1009,EX_glnhislys[e],0.0,1000
1010,EX_glnlyslys[e],0.0,1000
1011,EX_glnlystrp[e],0.0,1000
1012,EX_glnproglu[e],0.0,1000
1013,EX_glntrpglu[e],0.0,1000
1014,EX_glntyrleu[e],0.0,1000
1015,EX_gluargleu[e],0.0,1000
1016,EX_gluasnleu[e],0.0,1000
1017,EX_gluglu[e],0.0,1000
1018,EX_gluilelys[e],0.0,1000
1019,EX_gluleu[e],0.0,1000
1020,EX_glumet[e],0.0,1000
1021,EX_glumethis[e],0.0,1000
1022,EX_gluthr[e],0.0,1000
1023,EX_gluthrlys[e],0.0,1000
1024,EX_glutrpala[e],0.0,1000
1025,EX_glyhisasn[e],0.0,1000
1026,EX_glyhislys[e],0.0,1000
1027,EX_glylyscys[e],0.0,1000
1028,EX_glylysphe[e],0.0,1000
1029,EX_glytyrlys[e],0.0,1000
1030,EX_glyvalhis[e],0.0,1000
1031,EX_hisargcys[e],0.0,1000
1032,EX_hisargser[e],0.0,1000
1033,EX_hisasp[e],0.0,1000
1034,EX_hiscyscys[e],0.0,1000
1035,EX_hisglnala[e],0.0,1000
1036,EX_hisglu[e],0.0,1000
1037,EX_hisglugln[e],0.0,1000
1038,EX_hisglylys[e],0.0,1000
1039,EX_hishislys[e],0.0,1000
1040,EX_hislysala[e],0.0,1000
1041,EX_hislysglu[e],0.0,1000
1042,EX_hislysile[e],0.0,1000
1043,EX_hislysthr[e],0.0,1000
1044,EX_hislysval[e],0.0,1000
1045,EX_hismet[e],0.0,1000
1046,EX_hismetgln[e],0.0,1000
1047,EX_hisphearg[e],0.0,1000
1048,EX_hisprolys[e],0.0,1000
1049,EX_histrphis[e],0.0,1000
1050,EX_ileargile[e],0.0,1000
1051,EX_ileasnhis[e],0.0,1000
1052,EX_ileasp[e],0.0,1000
1053,EX_ileglnglu[e],0.0,1000
1054,EX_ileglyarg[e],0.0,1000
1055,EX_ileprolys[e],0.0,1000
1056,EX_ileserarg[e],0.0,1000
1057,EX_iletrptyr[e],0.0,1000
1058,EX_leualaarg[e],0.0,1000
1059,EX_leuasnasp[e],0.0,1000
1060,EX_leuasplys[e],0.0,1000
1061,EX_leuleutrp[e],0.0,1000
1062,EX_leupro[e],0.0,1000
1063,EX_leuproarg[e],0.0,1000
1064,EX_leusertrp[e],0.0,1000
1065,EX_leutrp[e],0.0,1000
1066,EX_leutrparg[e],0.0,1000
1067,EX_leutyrtyr[e],0.0,1000
1068,EX_leuval[e],0.0,1000
1069,EX_lysargleu[e],0.0,1000
1070,EX_lyscyshis[e],0.0,1000
1071,EX_lysglnphe[e],0.0,1000
1072,EX_lysgluglu[e],0.0,1000
1073,EX_lyslyslys[e],0.0,1000
1074,EX_lyspheile[e],0.0,1000
1075,EX_lystrparg[e],0.0,1000
1076,EX_lystyrile[e],0.0,1000
1077,EX_lysvalphe[e],0.0,1000
1078,EX_lysvaltrp[e],0.0,1000
1079,EX_metargleu[e],0.0,1000
1080,EX_metasntyr[e],0.0,1000
1081,EX_metglntyr[e],0.0,1000
1082,EX_metglyarg[e],0.0,1000
1083,EX_methislys[e],0.0,1000
1084,EX_metmetile[e],0.0,1000
1085,EX_metphearg[e],0.0,1000
1086,EX_mettrpphe[e],0.0,1000
1087,EX_pheasnmet[e],0.0,1000
1088,EX_pheasp[e],0.0,1000
1089,EX_pheglnphe[e],0.0,1000
1090,EX_pheleu[e],0.0,1000
1091,EX_pheleuasp[e],0.0,1000
1092,EX_pheleuhis[e],0.0,1000
1093,EX_phelysala[e],0.0,1000
1094,EX_phelyspro[e],0.0,1000
1095,EX_phephe[e],0.0,1000
1096,EX_phepheasn[e],0.0,1000
1097,EX_phephethr[e],0.0,1000
1098,EX_pheproarg[e],0.0,1000
1099,EX_phesertrp[e],0.0,1000
1100,EX_phethrlys[e],0.0,1000
1101,EX_phetrpleu[e],0.0,1000
1102,EX_phetyr[e],0.0,1000
1103,EX_phetyrgln[e],0.0,1000
1104,EX_phetyrlys[e],0.0,1000
1105,EX_proargasp[e],0.0,1000
1106,EX_proargcys[e],0.0,1000
1107,EX_proasncys[e],0.0,1000
1108,EX_procys[e],0.0,1000
1109,EX_proglnpro[e],0.0,1000
1110,EX_proglulys[e],0.0,1000
1111,EX_prohis[e],0.0,1000
1112,EX_prohistyr[e],0.0,1000
1113,EX_proleuarg[e],0.0,1000
1114,EX_prolyspro[e],0.0,1000
1115,EX_prophe[e],0.0,1000
1116,EX_proproarg[e],0.0,1000
1117,EX_propropro[e],0.0,1000
1118,EX_protrplys[e],0.0,1000
1119,EX_protrpthr[e],0.0,1000
1120,EX_provalgln[e],0.0,1000
1121,EX_serargala[e],0.0,1000
1122,EX_serargtrp[e],0.0,1000
1123,EX_sercysarg[e],0.0,1000
1124,EX_serglyglu[e],0.0,1000
1125,EX_serlyshis[e],0.0,1000
1126,EX_serphelys[e],0.0,1000
1127,EX_sertrphis[e],0.0,1000
1128,EX_thrargtyr[e],0.0,1000
1129,EX_thrasntyr[e],0.0,1000
1130,EX_thrglnglu[e],0.0,1000
1131,EX_thrglntyr[e],0.0,1000
1132,EX_thrhishis[e],0.0,1000
1133,EX_thrilearg[e],0.0,1000
1134,EX_thrmetarg[e],0.0,1000
1135,EX_thrphearg[e],0.0,1000
1136,EX_thrserarg[e],0.0,1000
1137,EX_thrthrarg[e],0.0,1000
1138,EX_thrtyrmet[e],0.0,1000
1139,EX_trpalapro[e],0.0,1000
1140,EX_trpargala[e],0.0,1000
1141,EX_trpaspasp[e],0.0,1000
1142,EX_trpglngln[e],0.0,1000
1143,EX_trpglugly[e],0.0,1000
1144,EX_trpgluleu[e],0.0,1000
1145,EX_trpglupro[e],0.0,1000
1146,EX_trpglutyr[e],0.0,1000
1147,EX_trpglyleu[e],0.0,1000
1148,EX_trpglyphe[e],0.0,1000
1149,EX_trpglyval[e],0.0,1000
1150,EX_trphismet[e],0.0,1000
1151,EX_trpilelys[e],0.0,1000
1152,EX_trpiletrp[e],0.0,1000
1153,EX_trpleuval[e],0.0,1000
1154,EX_trplys[e],0.0,1000
1155,EX_trpmetarg[e],0.0,1000
1156,EX_trpmetval[e],0.0,1000
1157,EX_trpphe[e],0.0,1000
1158,EX_trpprogly[e],0.0,1000
1159,EX_trpproleu[e],0.0,1000
1160,EX_trpproval[e],0.0,1000
1161,EX_trpsertyr[e],0.0,1000
1162,EX_trpthrglu[e],0.0,1000
1163,EX_trpthrile[e],0.0,1000
1164,EX_trpthrtyr[e],0.0,1000
1165,EX_trptyrgln[e],0.0,1000
1166,EX_trptyrtyr[e],0.0,1000
1167,EX_trpvalasp[e],0.0,1000
1168,EX_tyrala[e],0.0,1000
1169,EX_tyralaphe[e],0.0,1000
1170,EX_tyrargglu[e],0.0,1000
1171,EX_tyrargser[e],0.0,1000
1172,EX_tyrasparg[e],0.0,1000
1173,EX_tyrcysgly[e],0.0,1000
1174,EX_tyrcysthr[e],0.0,1000
1175,EX_tyrglu[e],0.0,1000
1176,EX_tyrleuarg[e],0.0,1000
1177,EX_tyrphetyr[e],0.0,1000
1178,EX_tyrthr[e],0.0,1000
1179,EX_tyrtrpphe[e],0.0,1000
1180,EX_tyrtyr[e],0.0,1000
1181,EX_tyrvalmet[e],0.0,1000
1182,EX_valarggly[e],0.0,1000
1183,EX_valhisasn[e],0.0,1000
1184,EX_valleuphe[e],0.0,1000
1185,EX_vallystyr[e],0.0,1000
1186,EX_valphearg[e],0.0,1000
1187,EX_valprotrp[e],0.0,1000
1188,EX_valserarg[e],0.0,1000
1189,EX_valtrpphe[e],0.0,1000
1190,EX_valtrpval[e],0.0,1000
1191,EX_valval[e],0.0,1000
1192,EX_trpglyasp[e],0.0,1000
1193,EX_sphmyln_hs[e],0.0,1000
1194,EX_hxa[e],0.0,1000
1195,EX_Lhcystin[e],0.0,1000
1196,EX_core4[e],0.0,1000
1197,EX_f1a[e],0.0,1000
1198,EX_galam[e],0.0,1000
1199,EX_gncore1[e],0.0,1000
1200,EX_mqn10[e],0.0,1000
1201,EX_mqn11[e],0.0,1000
1202,EX_mqn7[e],0.0,1000
1203,EX_mqn9[e],0.0,1000
1204,EX_s2l2n2m2m[e],0.0,1000
1205,EX_lpam[e],0.0,1000
1206,EX_acgal[e],0.0,1000
1207,EX_acnam[e],0.0,1000
1208,EX_pcreat[e],0.0,1000
1209,EX_HC00342[e],0.0,1000
1210,EX_C08261[e],0.0,1000
1211,EX_pa_hs[e],0.0,1000
1212,EX_CE2934[e],0.0,1000
1213,EX_dxtrn[e],0.0,1000
1214,EX_dhcholestanate[e],0.0,1000
1215,EX_thcholstoic[e],0.0,1000
1216,EX_xol7ah3[e],0.0,1000
1217,EX_xol7aone[e],0.0,1000
1218,EX_xoldiolone[e],0.0,1000
1219,EX_7klitchol[e],0.0,1000
1220,EX_2obut[e],0.0,1000
1221,EX_glutar[e],0.0,1000
1222,EX_glcn[e],0.0,1000
1223,EX_fum[e],0.0,1000
1224,EX_glyleu[e],0.0,1000
1225,EX_glyphe[e],0.0,1000
1226,EX_glypro[e],0.0,1000
1227,EX_mal_L[e],0.0,1000
1228,EX_ppi[e],0.0,1000
1229,EX_ind3ac[e],0.0,1000
1230,EX_nh4[e],0.0,1000
1231,EX_galt[e],0.0,1000
1232,EX_glcr[e],0.0,1000
1233,EX_glcur[e],0.0,1000
1234,EX_malthx[e],0.0,1000
1235,EX_ptrc[e],0.0,1000
1236,EX_spmd[e],0.0,1000
1237,EX_xan[e],0.0,1000
1238,EX_4hbz[e],0.0,1000
1239,EX_34dhpha[e],0.0,1000
1240,EX_mqn8[e],0.0,1000
1241,EX_indole[e],0.0,1000
1242,EX_ch4s[e],0.0,1000
1243,EX_phpyr[e],0.0,1000
1244,EX_tym[e],0.0,1000
1245,EX_2hyoxplac[e],0.0,1000
1246,EX_lanost[e],0.0,1000
1247,EX_3mox4hoxm[e],0.0,1000
1248,EX_glx[e],0.0,1000
1249,EX_CE4970[e],0.0,1000
1250,EX_CE2026[e],0.0,1000
1251,EX_CE4968[e],0.0,1000
1252,EX_actyr[e],0.0,1000
1253,EX_sucaceto[e],0.0,1000
1254,EX_vanillac[e],0.0,1000
1255,EX_nacvanala[e],0.0,1000
1256,EX_2h3mv[e],0.0,1000
1257,EX_2hiv[e],0.0,1000
1258,EX_2m3hbu[e],0.0,1000
1259,EX_2m3hvac[e],0.0,1000
1260,EX_3h3mglt[e],0.0,1000
1261,EX_3mglutac[e],0.0,1000
1262,EX_3mglutr[e],0.0,1000
1263,EX_ppiogly[e],0.0,1000
1264,EX_mvlac[e],0.0,1000
1265,EX_tiggly[e],0.0,1000
1266,EX_3ohglutac[e],0.0,1000
1267,EX_glutcon[e],0.0,1000
1268,EX_3hivac[e],0.0,1000
1269,EX_3hadpac[e],0.0,1000
1270,EX_3ohsebac[e],0.0,1000
1271,EX_3ohsubac[e],0.0,1000
1272,EX_5ohhexa[e],0.0,1000
1273,EX_7ohocata[e],0.0,1000
1274,EX_ethmalac[e],0.0,1000
1275,EX_hexgly[e],0.0,1000
1276,EX_methsucc[e],0.0,1000
1277,EX_subgly[e],0.0,1000
1278,EX_4ohbut[e],0.0,1000
1279,EX_2hxic_L[e],0.0,1000
1280,EX_2hydog[e],0.0,1000
1281,EX_thexdd[e],0.0,1000
1282,EX_hexdtr[e],0.0,1000
1283,EX_hpdece[e],0.0,1000
1284,EX_eic21114tr[e],0.0,1000
1285,EX_5eipenc[e],0.0,1000
1286,EX_CE4969[e],0.0,1000
1287,EX_CE1310[e],0.0,1000
1288,EX_T4hcinnm[e],0.0,1000
1289,EX_sucsal[e],0.0,1000
1290,EX_CE7081[e],0.0,1000
1291,EX_egme[e],0.0,1000
1292,EX_12harachd[e],0.0,1000
1293,EX_18harachd[e],0.0,1000
1294,EX_sql[e],0.0,1000
1295,EX_5g2oxpt[e],0.0,1000
1296,EX_andrstndn[e],0.0,1000
1297,EX_dhea[e],0.0,1000
1298,EX_eandrstrn[e],0.0,1000
1299,EX_andrstandn[e],0.0,1000
1300,EX_CE2209[e],0.0,1000
1301,EX_estrone[e],0.0,1000
1302,EX_C05298[e],0.0,1000
1303,EX_C05301[e],0.0,1000
1304,EX_C05299[e],0.0,1000
1305,EX_C05302[e],0.0,1000
1306,EX_CE5072[e],0.0,1000
1307,EX_11docrtsl[e],0.0,1000
1308,EX_11docrtstrn[e],0.0,1000
1309,EX_prgnlone[e],0.0,1000
1310,EX_CE2211[e],0.0,1000
1311,EX_17ahprgstrn[e],0.0,1000
1312,EX_17ahprgnlone[e],0.0,1000
1313,EX_C03681[e],0.0,1000
1314,EX_HC02020[e],0.0,1000
1315,EX_prgnlones[e],0.0,1000
1316,EX_CE1352[e],0.0,1000
1317,EX_xol24oh[e],0.0,1000
1318,EX_xol27oh[e],0.0,1000
1319,EX_xol25oh[e],0.0,1000
1320,EX_dsmsterol[e],0.0,1000
1321,EX_chsterols[e],0.0,1000
1322,EX_3ityr_L[e],0.0,1000
1323,EX_35diotyr[e],0.0,1000
1324,EX_13_cis_retn[e],0.0,1000
1325,EX_CE1617[e],0.0,1000
1326,EX_HC00460[e],0.0,1000
1327,EX_34dhoxmand[e],0.0,1000
1328,EX_fna5moxam[e],0.0,1000
1329,EX_CE5643[e],0.0,1000
1330,EX_CE7090[e],0.0,1000
1331,EX_CE7085[e],0.0,1000
1332,EX_CE7096[e],0.0,1000
1333,EX_CE4877[e],0.0,1000
1334,EX_CE1447[e],0.0,1000
1335,EX_CE2006[e],0.0,1000
1336,EX_CE1401[e],0.0,1000
1337,EX_glucys[e],0.0,1000
1338,EX_n8aspmd[e],0.0,1000
1339,EX_CE6205[e],0.0,1000
1340,EX_melatn[e],0.0,1000
1341,EX_6hoxmelatn[e],0.0,1000
1342,EX_trypta[e],0.0,1000
1343,EX_C10164[e],0.0,1000
1344,EX_CE4890[e],0.0,1000
1345,EX_C09642[e],0.0,1000
1346,EX_C05767[e],0.0,1000
1347,EX_mhista[e],0.0,1000
1348,EX_ppbng[e],0.0,1000
1349,EX_13dampp[e],0.0,1000
1350,EX_mma[e],0.0,1000
1351,EX_12ppd_R[e],0.0,1000
1352,EX_ametam[e],0.0,1000
1353,EX_xylu_L[e],0.0,1000
1354,EX_xylu_D[e],0.0,1000
1355,EX_CE0737[e],0.0,1000
1356,EX_sphings[e],0.0,1000
1357,EX_hdd2crn[e],0.0,1000
1358,EX_im4ac[e],0.0,1000
1359,EX_CE1918[e],0.0,1000
1360,EX_mlthf[e],0.0,1000
1361,EX_ppp9[e],0.0,1000
1362,EX_aact[e],0.0,1000
1363,EX_CE2705[e],0.0,1000
1364,EX_sphgn[e],0.0,1000
1365,EX_selmeth[e],0.0,1000
1366,EX_N1aspmd[e],0.0,1000
1367,EX_1a25dhvitd3[e],0.0,1000
1368,EX_prist[e],0.0,1000
1369,EX_CE2049[e],0.0,1000
1370,EX_CE2047[e],0.0,1000
1371,EX_fdp[e],0.0,1000
1372,EX_coke[e],0.0,1000
1373,EX_5a2opntn[e],0.0,1000
1374,EX_vldl_hs[e],0.0,1000
1375,EX_idl_hs[e],0.0,1000
1376,EX_ldl_hs[e],0.0,1000
1377,EX_hdl_hs[e],0.0,1000
1378,EX_HC00005[e],0.0,1000
1379,EX_HC00006[e],0.0,1000
1380,EX_HC00007[e],0.0,1000
1381,EX_HC00008[e],0.0,1000
1382,EX_HC00009[e],0.0,1000
1383,EX_dopa4sf[e],0.0,1000
1384,EX_dopa4glcur[e],0.0,1000
1385,EX_dopa3glcur[e],0.0,1000
1386,EX_4glu56dihdind[e],0.0,1000
1387,EX_5cysdopa[e],0.0,1000
1388,EX_CE5025[e],0.0,1000
1389,EX_CE2172[e],0.0,1000
1390,EX_CE5629[e],0.0,1000
1391,EX_gd3_hs[e],0.0,1000
1392,EX_gluside_hs[e],0.0,1000
1393,EX_gm3_hs[e],0.0,1000
1394,EX_cmpacna[e],0.0,1000
1395,EX_gd2_hs[e],0.0,1000
1396,EX_gd1a_hs[e],0.0,1000
1397,EX_34dhpe[c],0.0,1000
1398,EX_pail_hs[e],-1000.0,1000
1399,EX_CE1243[e],0.0,1000
1400,EX_CE5026[e],0.0,1000
1401,EX_5cysgly34dhphe[e],0.0,1000
1402,EX_CE1261[e],0.0,1000
1403,EX_galgluside_hs[e],0.0,1000
1404,EX_ga1_hs[e],0.0,1000
1405,EX_gm1a_hs[e],0.0,1000
1406,EX_gm2a_hs[e],0.0,1000
1407,EX_gm1_hs[e],0.0,1000
1408,EX_gm1b_hs[e],0.0,1000
1409,EX_gd1b_hs[e],0.0,1000
1410,EX_gt1b_hs[e],0.0,1000
1411,EX_nadh[e],0.0,1000
1412,EX_12dhchol[e],0.0,1000
1413,EX_3dhcdchol[e],0.0,1000
1414,EX_3dhchol[e],0.0,1000
1415,EX_3dhdchol[e],0.0,1000
1416,EX_3dhlchol[e],0.0,1000
1417,EX_7dhcdchol[e],0.0,1000
1418,EX_7dhchol[e],0.0,1000
1419,EX_ca24g[e],0.0,1000
1420,EX_ca3s[e],0.0,1000
1421,EX_cdca24g[e],0.0,1000
1422,EX_cdca3g[e],0.0,1000
1423,EX_coprost[e],0.0,1000
1424,EX_dca24g[e],0.0,1000
1425,EX_dca3g[e],0.0,1000
1426,EX_dca3s[e],0.0,1000
1427,EX_gca3s[e],0.0,1000
1428,EX_gcdca3s[e],0.0,1000
1429,EX_gdca3s[e],0.0,1000
1430,EX_gudca3s[e],0.0,1000
1431,EX_hca24g[e],0.0,1000
1432,EX_hca6g[e],0.0,1000
1433,EX_hdca24g[e],0.0,1000
1434,EX_hdca6g[e],0.0,1000
1435,EX_hyochol[e],0.0,1000
1436,EX_icdchol[e],0.0,1000
1437,EX_isochol[e],0.0,1000
1438,EX_lca24g[e],0.0,1000
1439,EX_lca3g[e],0.0,1000
1440,EX_lca3s[e],0.0,1000
1441,EX_tca3s[e],0.0,1000
1442,EX_tcdca3s[e],0.0,1000
1443,EX_tdca3s[e],0.0,1000
1444,EX_thyochol[e],0.0,1000
1445,EX_tudca3s[e],0.0,1000
1446,EX_uchol[e],0.0,1000
1447,EX_udca3s[e],0.0,1000
1448,EX_12htacr[e],0.0,1000
1449,EX_1331tacr[e],0.0,1000
1450,EX_13dmt[e],0.0,1000
1451,EX_14hmdz[e],0.0,1000
1452,EX_1513tacr[e],0.0,1000
1453,EX_1531tacr[e],0.0,1000
1454,EX_15dmt[e],0.0,1000
1455,EX_1hibup_S[e],0.0,1000
1456,EX_1hibupglu_S[e],0.0,1000
1457,EX_1hmdgluc[e],0.0,1000
1458,EX_1ohmdz[e],0.0,1000
1459,EX_2hatvacid[e],0.0,1000
1460,EX_2hatvacidgluc[e],0.0,1000
1461,EX_2hatvlac[e],0.0,1000
1462,EX_2hatvlacgluc[e],0.0,1000
1463,EX_2hibup_R[e],0.0,1000
1464,EX_2hibup_S[e],0.0,1000
1465,EX_2hibupglu_S[e],0.0,1000
1466,EX_31dmt[e],0.0,1000
1467,EX_35dhpvs[e],0.0,1000
1468,EX_35dsmv[e],0.0,1000
1469,EX_3hibup_R[e],0.0,1000
1470,EX_3hibup_S[e],0.0,1000
1471,EX_3hibupglu_S[e],0.0,1000
1472,EX_3hlvstacid[e],0.0,1000
1473,EX_3hpvs[e],0.0,1000
1474,EX_3hpvstet[e],0.0,1000
1475,EX_3hsmvacid[e],0.0,1000
1476,EX_3ispvs[e],0.0,1000
1477,EX_3ohacmp[e],0.0,1000
1478,EX_4bhglz[e],0.0,1000
1479,EX_4hatvacid[e],0.0,1000
1480,EX_4hatvlac[e],0.0,1000
1481,EX_4hmdgluc[e],0.0,1000
1482,EX_4ohmdz[e],0.0,1000
1483,EX_56dhpvs[e],0.0,1000
1484,EX_56eppvs[e],0.0,1000
1485,EX_5ohfvs[e],0.0,1000
1486,EX_5ohfvsglu[e],0.0,1000
1487,EX_6ahglz[e],0.0,1000
1488,EX_6bhglz[e],0.0,1000
1489,EX_6bhglzglc[e],0.0,1000
1490,EX_6csmvacid[e],0.0,1000
1491,EX_6epvs[e],0.0,1000
1492,EX_6hlvst[e],0.0,1000
1493,EX_6hmsmvacid[e],0.0,1000
1494,EX_6hsmvacid[e],0.0,1000
1495,EX_6melvacid[e],0.0,1000
1496,EX_6melvst[e],0.0,1000
1497,EX_6ohfvs[e],0.0,1000
1498,EX_6ohfvsglu[e],0.0,1000
1499,EX_7ahglz[e],0.0,1000
1500,EX_7bhglz[e],0.0,1000
1501,EX_7bhglzglc[e],0.0,1000
1502,EX_7hpvs[e],0.0,1000
1503,EX_acmp[e],0.0,1000
1504,EX_acmpglu[e],0.0,1000
1505,EX_acmpglut[e],0.0,1000
1506,EX_allop[e],0.0,1000
1507,EX_am19cs[e],0.0,1000
1508,EX_am1a4ncs[e],0.0,1000
1509,EX_am1accs[e],0.0,1000
1510,EX_am1acs[e],0.0,1000
1511,EX_am1alcs[e],0.0,1000
1512,EX_am1c4n9cs[e],0.0,1000
1513,EX_am1c9cs[e],0.0,1000
1514,EX_am1ccs[e],0.0,1000
1515,EX_am1cglc[e],0.0,1000
1516,EX_am1csa[e],0.0,1000
1517,EX_am4n9cs[e],0.0,1000
1518,EX_am4ncs[e],0.0,1000
1519,EX_am9csa[e],0.0,1000
1520,EX_atvacid[e],0.0,1000
1521,EX_atvlac[e],0.0,1000
1522,EX_caribup_R[e],0.0,1000
1523,EX_caribup_s[e],0.0,1000
1524,EX_caribupglu_S[e],0.0,1000
1525,EX_crglz[e],0.0,1000
1526,EX_crvs[e],0.0,1000
1527,EX_crvsm1[e],0.0,1000
1528,EX_crvsm23[e],0.0,1000
1529,EX_crvsm24[e],0.0,1000
1530,EX_csa[e],0.0,1000
1531,EX_csasulp[e],0.0,1000
1532,EX_cysacmp[e],0.0,1000
1533,EX_deoxfvs[e],0.0,1000
1534,EX_desfvs[e],0.0,1000
1535,EX_dhglz[e],0.0,1000
1536,EX_dspvs[e],0.0,1000
1537,EX_epoxtac[e],0.0,1000
1538,EX_fvs[e],0.0,1000
1539,EX_fvstet[e],0.0,1000
1540,EX_fvstetglu[e],0.0,1000
1541,EX_glc3meacp[e],0.0,1000
1542,EX_glz[e],0.0,1000
1543,EX_gtacmp[e],0.0,1000
1544,EX_ibup_R[e],0.0,1000
1545,EX_ibup_S[e],0.0,1000
1546,EX_ibupgluc[e],0.0,1000
1547,EX_isolvstacid[e],0.0,1000
1548,EX_lst4exp[e],0.0,1000
1549,EX_lstn[e],0.0,1000
1550,EX_lstn1gluc[e],0.0,1000
1551,EX_lstnm1[e],0.0,1000
1552,EX_lstnm2[e],0.0,1000
1553,EX_lstnm4[e],0.0,1000
1554,EX_lstnm5[e],0.0,1000
1555,EX_lstnm7[e],0.0,1000
1556,EX_lvst[e],0.0,1000
1557,EX_mdz[e],0.0,1000
1558,EX_mdzglc[e],0.0,1000
1559,EX_meracmp[e],0.0,1000
1560,EX_mhglz[e],0.0,1000
1561,EX_ndersv[e],0.0,1000
1562,EX_nfd[e],0.0,1000
1563,EX_nfdac[e],0.0,1000
1564,EX_nfdlac[e],0.0,1000
1565,EX_nfdnpy[e],0.0,1000
1566,EX_nfdoh[e],0.0,1000
1567,EX_oxyp[e],0.0,1000
1568,EX_oxyp1rb[e],0.0,1000
1569,EX_oxyp7rb[e],0.0,1000
1570,EX_profvs[e],0.0,1000
1571,EX_ptvst[e],0.0,1000
1572,EX_ptvstlac[e],0.0,1000
1573,EX_ptvstm3[e],0.0,1000
1574,EX_pvs[e],0.0,1000
1575,EX_pvsgluc[e],0.0,1000
1576,EX_rsv[e],0.0,1000
1577,EX_rsvlac[e],0.0,1000
1578,EX_s3meacmp[e],0.0,1000
1579,EX_smv[e],0.0,1000
1580,EX_smvacid[e],0.0,1000
1581,EX_stacmp[ev],0.0,1000
1582,EX_sulpacmp[e],0.0,1000
1583,EX_tacr[e],0.0,1000
1584,EX_tauribup_S[e],0.0,1000
1585,EX_thrfvs[e],0.0,1000
1586,EX_tmd[e],0.0,1000
1587,EX_tmdm1[e],0.0,1000
1588,EX_tmdm3[e],0.0,1000
1589,EX_tmdm5[e],0.0,1000
1590,EX_tripvs[e],0.0,1000
1591,EX_tsacmgluc[e],0.0,1000
1592,EX_tsacmsul[e],0.0,1000
1593,EX_lvstacid[e],0.0,1000
1594,EX_ptvstm13[e],0.0,1000
1595,EX_1a25dhvitd2[e],0.0,1000
1596,EX_M02956[e],0.0,1000
1597,EX_M00234[e],0.0,1000
1598,EX_M01807[e],0.0,1000
1599,EX_M00503[e],0.0,1000
1600,EX_M00241[e],0.0,1000
1601,EX_M01820[e],0.0,1000
1602,EX_M00510[e],0.0,1000
1603,EX_M01819[e],0.0,1000
1604,EX_M00003[e],0.0,1000
1605,EX_M00008[e],0.0,1000
1606,EX_M00010[e],0.0,1000
1607,EX_M00017[e],0.0,1000
1608,EX_M00019[e],0.0,1000
1609,EX_M00021[e],0.0,1000
1610,EX_M00115[e],0.0,1000
1611,EX_M00117[e],0.0,1000
1612,EX_M00260[e],0.0,1000
1613,EX_M00265[e],0.0,1000
1614,EX_M00315[e],0.0,1000
1615,EX_M00341[e],0.0,1000
1616,EX_M01197[e],0.0,1000
1617,EX_M01207[e],0.0,1000
1618,EX_M01235[e],0.0,1000
1619,EX_M01238[e],0.0,1000
1620,EX_M01582[e],0.0,1000
1621,EX_M02053[e],0.0,1000
1622,EX_M02457[e],0.0,1000
1623,EX_M02613[e],0.0,1000
1624,EX_M02745[e],0.0,1000
1625,EX_M03045[e],0.0,1000
1626,EX_M03051[e],0.0,1000
1627,EX_M03153[e],0.0,1000
1628,EX_M01268[e],0.0,1000
1629,EX_HC02080[e],0.0,1000
1630,EX_h2co3[e],0.0,1000
1631,EX_M02446[e],0.0,1000
1632,EX_M02447[e],0.0,1000
1633,EX_M02449[e],0.0,1000
1634,EX_M02451[e],0.0,1000
1635,EX_M02382[e],0.0,1000
1636,EX_M02035[e],0.0,1000
1637,EX_M02467[e],0.0,1000
1638,EX_M02821[e],0.0,1000
1639,EX_mg2[e],0.0,1000
1640,EX_cu2[e],0.0,1000
1641,EX_M01571[e],0.0,1000
1642,HMR_10025,0.0,1000
1643,HMR_10026,0.0,1000
1644,HMR_10027,0.0,1000
1645,HMR_10028,0.0,1000
1646,HMR_10029,0.0,1000
1647,HMR_10030,0.0,1000
1648,HMR_10031,0.0,1000
1649,HMR_10032,0.0,1000
1650,HMR_10047,0.0,1000
1651,HMR_10060,0.0,1000
1652,HMR_10074,0.0,1000
1653,HMR_10076,0.0,1000
1654,HMR_10077,0.0,1000
1655,HMR_10078,0.0,1000
1656,HMR_10081,0.0,1000
1657,HMR_10083,0.0,1000
1658,HMR_10084,0.0,1000
1659,HMR_10085,0.0,1000
1660,HMR_10086,0.0,1000
1661,HMR_10087,0.0,1000
1662,HMR_10088,0.0,1000
1663,HMR_10089,0.0,1000
1664,HMR_10090,0.0,1000
1665,HMR_10091,0.0,1000
1666,HMR_10132,0.0,1000
